instrument_name,gamma,open_interest,index_price
BTC-9JUL25-96000-C,0.0,0.0,108899.67
BTC-9JUL25-96000-P,0.0,15.1,108899.67
BTC-9JUL25-98000-C,0.0,0.0,108899.99
BTC-9JUL25-98000-P,0.0,2.8,108899.92
BTC-9JUL25-100000-C,0.0,0.0,108900.42
BTC-9JUL25-100000-P,0.0,17.7,108900.42
BTC-9JUL25-102000-C,0.0,0.0,108900.5
BTC-9JUL25-102000-P,0.0,382.0,108900.5
BTC-9JUL25-103000-C,0.0,0.0,108900.5
BTC-9JUL25-103000-P,0.0,44.7,108900.5
BTC-9JUL25-104000-C,0.0,0.0,108900.5
BTC-9JUL25-104000-P,0.0,9.1,108900.5
BTC-9JUL25-105000-C,2e-05,0.0,108900.5
BTC-9JUL25-105000-P,2e-05,49.2,108900.5
BTC-9JUL25-106000-C,3e-05,4.1,108900.5
BTC-9JUL25-106000-P,3e-05,129.0,108900.5
BTC-9JUL25-106500-C,4e-05,0.0,108900.5
BTC-9JUL25-106500-P,4e-05,20.0,108900.5
BTC-9JUL25-107000-C,7e-05,60.5,108900.38
BTC-9JUL25-107000-P,7e-05,203.7,108900.42
BTC-9JUL25-107500-C,0.00012,0.0,108900.42
BTC-9JUL25-107500-P,0.00012,47.2,108900.42
BTC-9JUL25-108000-C,0.00025,36.7,108900.42
BTC-9JUL25-108000-P,0.00025,126.7,108900.42
BTC-9JUL25-108500-C,0.00055,131.9,108900.42
BTC-9JUL25-108500-P,0.00055,40.8,108900.42
BTC-9JUL25-109000-C,0.00076,194.5,108900.42
BTC-9JUL25-109000-P,0.00076,83.2,108900.38
BTC-9JUL25-109500-C,0.00041,82.7,108900.38
BTC-9JUL25-109500-P,0.00041,5.5,108900.42
BTC-9JUL25-110000-C,0.00019,126.2,108900.65
BTC-9JUL25-110000-P,0.00019,11.4,108900.65
BTC-9JUL25-110500-C,0.00011,21.1,108900.21
BTC-9JUL25-110500-P,0.00011,0.0,108899.9
BTC-9JUL25-111000-C,7e-05,125.6,108900.03
BTC-9JUL25-111000-P,7e-05,2.0,108900.03
BTC-9JUL25-112000-C,2e-05,26.1,108900.32
BTC-9JUL25-112000-P,2e-05,0.0,108900.28
BTC-9JUL25-113000-C,0.0,84.6,108900.28
BTC-9JUL25-113000-P,0.0,0.0,108900.28
BTC-9JUL25-114000-C,0.0,43.0,108900.38
BTC-9JUL25-114000-P,0.0,0.0,108900.38
BTC-9JUL25-115000-C,0.0,54.9,108900.38
BTC-9JUL25-115000-P,0.0,0.0,108900.38
BTC-9JUL25-116000-C,0.0,10.8,108900.44
BTC-9JUL25-116000-P,0.0,0.0,108900.38
BTC-9JUL25-118000-C,0.0,33.5,108900.44
BTC-9JUL25-118000-P,0.0,0.0,108900.44
BTC-9JUL25-120000-C,0.0,61.0,108900.44
BTC-9JUL25-120000-P,0.0,0.0,108900.44
BTC-9JUL25-122000-C,0.0,0.0,108900.7
BTC-9JUL25-122000-P,0.0,0.0,108900.7
BTC-9JUL25-124000-C,0.0,0.0,108900.43
BTC-9JUL25-124000-P,0.0,0.0,108900.57
BTC-9JUL25-126000-C,0.0,0.0,108900.57
BTC-9JUL25-126000-P,0.0,0.0,108900.57
BTC-10JUL25-96000-C,0.0,0.0,108900.57
BTC-10JUL25-96000-P,0.0,17.7,108900.41
BTC-10JUL25-98000-C,0.0,0.0,108900.41
BTC-10JUL25-98000-P,0.0,2.0,108900.45
BTC-10JUL25-100000-C,1e-05,0.0,108901.16
BTC-10JUL25-100000-P,1e-05,51.1,108901.68
BTC-10JUL25-102000-C,1e-05,0.0,108901.68
BTC-10JUL25-102000-P,1e-05,511.0,108901.63
BTC-10JUL25-103000-C,2e-05,0.0,108901.81
BTC-10JUL25-103000-P,2e-05,16.2,108901.66
BTC-10JUL25-104000-C,3e-05,0.0,108901.66
BTC-10JUL25-104000-P,3e-05,10.1,108901.66
BTC-10JUL25-105000-C,4e-05,0.7,108902.05
BTC-10JUL25-105000-P,4e-05,10.6,108902.27
BTC-10JUL25-106000-C,6e-05,2.3,108902.27
BTC-10JUL25-106000-P,6e-05,47.8,108903.05
BTC-10JUL25-107000-C,0.00012,16.3,108903.05
BTC-10JUL25-107000-P,0.00012,266.8,108903.05
BTC-10JUL25-108000-C,0.00021,33.8,108903.05
BTC-10JUL25-108000-P,0.00021,43.3,108903.05
BTC-10JUL25-109000-C,0.00026,76.0,108903.05
BTC-10JUL25-109000-P,0.00026,52.2,108903.05
BTC-10JUL25-110000-C,0.0002,73.0,108903.05
BTC-10JUL25-110000-P,0.0002,14.3,108903.05
BTC-10JUL25-111000-C,0.00012,77.0,108903.05
BTC-10JUL25-111000-P,0.00012,0.0,108903.05
BTC-10JUL25-112000-C,6e-05,11.8,108903.05
BTC-10JUL25-112000-P,6e-05,0.0,108903.05
BTC-10JUL25-113000-C,4e-05,10.6,108903.05
BTC-10JUL25-113000-P,4e-05,0.0,108903.05
BTC-10JUL25-114000-C,2e-05,43.2,108903.05
BTC-10JUL25-114000-P,2e-05,0.0,108903.05
BTC-10JUL25-115000-C,2e-05,60.3,108903.05
BTC-10JUL25-115000-P,2e-05,0.0,108903.05
BTC-10JUL25-116000-C,1e-05,24.0,108903.07
BTC-10JUL25-116000-P,1e-05,0.0,108903.07
BTC-10JUL25-118000-C,0.0,17.6,108903.07
BTC-10JUL25-118000-P,0.0,0.0,108903.07
BTC-10JUL25-120000-C,0.0,0.9,108903.2
BTC-10JUL25-120000-P,0.0,0.0,108904.45
BTC-10JUL25-122000-C,0.0,5.9,108905.48
BTC-10JUL25-122000-P,0.0,0.0,108905.56
BTC-10JUL25-124000-C,0.0,0.0,108906.29
BTC-10JUL25-124000-P,0.0,0.0,108906.29
BTC-10JUL25-126000-C,0.0,0.0,108906.29
BTC-10JUL25-126000-P,0.0,0.0,108906.35
BTC-11JUL25-80000-C,0.0,0.1,108906.35
BTC-11JUL25-80000-P,0.0,159.9,108906.35
BTC-11JUL25-85000-C,0.0,0.0,108906.35
BTC-11JUL25-85000-P,0.0,1196.6,108906.35
BTC-11JUL25-90000-C,0.0,0.9,108906.35
BTC-11JUL25-90000-P,0.0,343.9,108906.35
BTC-11JUL25-92000-C,0.0,0.1,108906.35
BTC-11JUL25-92000-P,0.0,1107.7,108906.35
BTC-11JUL25-94000-C,0.0,0.1,108907.52
BTC-11JUL25-94000-P,0.0,420.7,108908.97
BTC-11JUL25-95000-C,0.0,2.6,108908.97
BTC-11JUL25-95000-P,0.0,1777.7,108910.68
BTC-11JUL25-96000-C,0.0,5.5,108912.28
BTC-11JUL25-96000-P,0.0,215.8,108912.32
BTC-11JUL25-97000-C,0.0,0.0,108912.32
BTC-11JUL25-97000-P,0.0,51.9,108913.59
BTC-11JUL25-98000-C,1e-05,6.5,108913.86
BTC-11JUL25-98000-P,1e-05,169.9,108913.86
BTC-11JUL25-99000-C,1e-05,11.7,108913.86
BTC-11JUL25-99000-P,1e-05,180.7,108913.86
BTC-11JUL25-100000-C,1e-05,308.7,108913.61
BTC-11JUL25-100000-P,1e-05,1869.4,108913.61
BTC-11JUL25-101000-C,1e-05,33.1,108914.51
BTC-11JUL25-101000-P,1e-05,466.0,108914.6
BTC-11JUL25-102000-C,2e-05,451.7,108917.58
BTC-11JUL25-102000-P,2e-05,1351.6,108917.58
BTC-11JUL25-103000-C,3e-05,31.6,108918.66
BTC-11JUL25-103000-P,3e-05,867.7,108919.21
BTC-11JUL25-104000-C,4e-05,55.5,108919.21
BTC-11JUL25-104000-P,4e-05,1496.5,108919.21
BTC-11JUL25-105000-C,5e-05,2018.3,108918.99
BTC-11JUL25-105000-P,5e-05,1109.4,108920.05
BTC-11JUL25-106000-C,8e-05,232.0,108920.32
BTC-11JUL25-106000-P,8e-05,690.3,108920.32
BTC-11JUL25-107000-C,0.00011,1007.9,108920.44
BTC-11JUL25-107000-P,0.00011,828.9,108920.36
BTC-11JUL25-108000-C,0.00015,855.2,108920.69
BTC-11JUL25-108000-P,0.00015,976.8,108920.69
BTC-11JUL25-109000-C,0.00017,972.4,108921.47
BTC-11JUL25-109000-P,0.00017,217.0,108921.57
BTC-11JUL25-110000-C,0.00015,1389.2,108921.88
BTC-11JUL25-110000-P,0.00015,306.7,108921.88
BTC-11JUL25-111000-C,0.00012,804.4,108922.44
BTC-11JUL25-111000-P,0.00012,49.8,108922.44
BTC-11JUL25-112000-C,8e-05,3845.5,108922.44
BTC-11JUL25-112000-P,8e-05,47.9,108922.44
BTC-11JUL25-113000-C,5e-05,809.7,108922.44
BTC-11JUL25-113000-P,5e-05,1.6,108922.44
BTC-11JUL25-114000-C,4e-05,1304.5,108922.44
BTC-11JUL25-114000-P,4e-05,1.7,108922.44
BTC-11JUL25-115000-C,3e-05,1504.1,108922.44
BTC-11JUL25-115000-P,3e-05,1.3,108922.44
BTC-11JUL25-116000-C,2e-05,1204.5,108922.44
BTC-11JUL25-116000-P,2e-05,0.0,108923.23
BTC-11JUL25-118000-C,1e-05,222.2,108923.31
BTC-11JUL25-118000-P,1e-05,0.0,108923.32
BTC-11JUL25-120000-C,0.0,494.4,108923.32
BTC-11JUL25-120000-P,0.0,1.4,108923.32
BTC-11JUL25-125000-C,0.0,109.9,108923.31
BTC-11JUL25-125000-P,0.0,0.0,108923.11
BTC-11JUL25-130000-C,0.0,233.2,108923.11
BTC-11JUL25-130000-P,0.0,0.0,108923.11
BTC-11JUL25-135000-C,0.0,74.3,108923.11
BTC-11JUL25-135000-P,0.0,0.0,108923.11
BTC-11JUL25-140000-C,0.0,186.6,108923.11
BTC-11JUL25-140000-P,0.0,0.0,108923.11
BTC-11JUL25-145000-C,0.0,97.3,108923.11
BTC-11JUL25-145000-P,0.0,0.0,108921.81
BTC-11JUL25-150000-C,0.0,182.6,108921.98
BTC-11JUL25-150000-P,0.0,0.0,108921.98
BTC-18JUL25-85000-C,0.0,0.0,108921.63
BTC-18JUL25-85000-P,0.0,191.8,108921.63
BTC-18JUL25-90000-C,0.0,3.0,108921.63
BTC-18JUL25-90000-P,0.0,463.1,108912.04
BTC-18JUL25-95000-C,1e-05,10.0,108904.49
BTC-18JUL25-95000-P,1e-05,728.4,108904.49
BTC-18JUL25-98000-C,1e-05,1.8,108898.1
BTC-18JUL25-98000-P,1e-05,1349.7,108894.96
BTC-18JUL25-100000-C,2e-05,1.6,108896.12
BTC-18JUL25-100000-P,2e-05,559.1,108896.12
BTC-18JUL25-101000-C,2e-05,0.5,108896.78
BTC-18JUL25-101000-P,2e-05,97.9,108896.65
BTC-18JUL25-102000-C,3e-05,4.5,108896.75
BTC-18JUL25-102000-P,3e-05,334.1,108896.75
BTC-18JUL25-103000-C,4e-05,7.7,108897.34
BTC-18JUL25-103000-P,4e-05,147.6,108897.34
BTC-18JUL25-104000-C,5e-05,6.5,108897.05
BTC-18JUL25-104000-P,5e-05,136.3,108897.05
BTC-18JUL25-105000-C,5e-05,603.1,108897.7
BTC-18JUL25-105000-P,5e-05,482.2,108898.1
BTC-18JUL25-106000-C,6e-05,58.4,108898.11
BTC-18JUL25-106000-P,6e-05,425.6,108898.11
BTC-18JUL25-107000-C,7e-05,260.1,108898.13
BTC-18JUL25-107000-P,7e-05,340.0,108900.2
BTC-18JUL25-108000-C,7e-05,894.0,108900.2
BTC-18JUL25-108000-P,7e-05,94.1,108900.2
BTC-18JUL25-109000-C,8e-05,473.9,108900.38
BTC-18JUL25-109000-P,8e-05,90.3,108900.69
BTC-18JUL25-110000-C,8e-05,369.1,108900.69
BTC-18JUL25-110000-P,8e-05,50.3,108900.68
BTC-18JUL25-111000-C,7e-05,397.5,108900.68
BTC-18JUL25-111000-P,7e-05,16.0,108900.68
BTC-18JUL25-112000-C,7e-05,1283.6,108900.63
BTC-18JUL25-112000-P,7e-05,3.2,108900.21
BTC-18JUL25-113000-C,6e-05,439.0,108900.21
BTC-18JUL25-113000-P,6e-05,4.1,108900.21
BTC-18JUL25-114000-C,5e-05,2234.2,108900.73
BTC-18JUL25-114000-P,5e-05,0.0,108900.2
BTC-18JUL25-115000-C,4e-05,801.7,108899.86
BTC-18JUL25-115000-P,4e-05,0.0,108900.27
BTC-18JUL25-116000-C,4e-05,959.0,108900.27
BTC-18JUL25-116000-P,4e-05,0.0,108900.27
BTC-18JUL25-117000-C,3e-05,135.4,108900.49
BTC-18JUL25-117000-P,3e-05,0.0,108900.71
BTC-18JUL25-118000-C,2e-05,1627.6,108900.71
BTC-18JUL25-118000-P,2e-05,10.0,108900.77
BTC-18JUL25-120000-C,2e-05,251.2,108900.85
BTC-18JUL25-120000-P,2e-05,0.1,108901.16
BTC-18JUL25-125000-C,1e-05,226.3,108901.16
BTC-18JUL25-125000-P,1e-05,0.0,108901.16
BTC-18JUL25-130000-C,0.0,142.7,108901.16
BTC-18JUL25-130000-P,0.0,0.0,108900.24
BTC-18JUL25-135000-C,0.0,12.4,108900.24
BTC-18JUL25-135000-P,0.0,0.0,108901.16
BTC-18JUL25-140000-C,0.0,16.7,108901.16
BTC-18JUL25-140000-P,0.0,0.0,108901.16
BTC-18JUL25-145000-C,0.0,44.9,108901.16
BTC-18JUL25-145000-P,0.0,0.0,108901.16
BTC-18JUL25-150000-C,0.0,72.8,108901.16
BTC-18JUL25-150000-P,0.0,0.0,108901.16
BTC-25JUL25-30000-C,0.0,12.7,108901.16
BTC-25JUL25-30000-P,0.0,505.4,108901.16
BTC-25JUL25-40000-C,0.0,12.1,108901.16
BTC-25JUL25-40000-P,0.0,195.2,108901.16
BTC-25JUL25-50000-C,0.0,529.8,108901.16
BTC-25JUL25-50000-P,0.0,640.7,108901.16
BTC-25JUL25-60000-C,0.0,51.2,108901.16
BTC-25JUL25-60000-P,0.0,243.4,108901.16
BTC-25JUL25-70000-C,0.0,35.2,108901.16
BTC-25JUL25-70000-P,0.0,574.9,108901.16
BTC-25JUL25-75000-C,0.0,126.8,108901.16
BTC-25JUL25-75000-P,0.0,523.9,108901.16
BTC-25JUL25-80000-C,0.0,107.1,108900.47
BTC-25JUL25-80000-P,0.0,1622.1,108900.47
BTC-25JUL25-84000-C,0.0,8.5,108900.47
BTC-25JUL25-84000-P,0.0,585.4,108900.47
BTC-25JUL25-85000-C,0.0,32.7,108900.47
BTC-25JUL25-85000-P,0.0,3907.8,108900.47
BTC-25JUL25-86000-C,0.0,92.4,108900.47
BTC-25JUL25-86000-P,0.0,602.8,108900.47
BTC-25JUL25-88000-C,0.0,20.8,108900.53
BTC-25JUL25-88000-P,0.0,730.3,108900.53
BTC-25JUL25-90000-C,0.0,837.4,108900.48
BTC-25JUL25-90000-P,0.0,2098.5,108900.88
BTC-25JUL25-92000-C,1e-05,67.6,108900.88
BTC-25JUL25-92000-P,1e-05,1841.2,108900.88
BTC-25JUL25-94000-C,1e-05,230.8,108900.88
BTC-25JUL25-94000-P,1e-05,1128.1,108900.88
BTC-25JUL25-95000-C,1e-05,21.7,108900.55
BTC-25JUL25-95000-P,1e-05,2128.8,108900.55
BTC-25JUL25-96000-C,1e-05,163.3,108900.88
BTC-25JUL25-96000-P,1e-05,627.1,108897.88
BTC-25JUL25-98000-C,2e-05,196.0,108897.28
BTC-25JUL25-98000-P,2e-05,1852.1,108897.28
BTC-25JUL25-100000-C,2e-05,642.3,108897.55
BTC-25JUL25-100000-P,2e-05,3100.6,108897.98
BTC-25JUL25-102000-C,3e-05,387.4,108899.24
BTC-25JUL25-102000-P,3e-05,2836.6,108899.24
BTC-25JUL25-103000-C,4e-05,0.0,108898.64
BTC-25JUL25-103000-P,4e-05,75.8,108898.71
BTC-25JUL25-104000-C,4e-05,688.4,108898.71
BTC-25JUL25-104000-P,4e-05,916.7,108898.71
BTC-25JUL25-105000-C,4e-05,1392.6,108898.71
BTC-25JUL25-105000-P,4e-05,1855.4,108898.61
BTC-25JUL25-106000-C,5e-05,661.7,108898.61
BTC-25JUL25-106000-P,5e-05,442.0,108898.61
BTC-25JUL25-107000-C,5e-05,8.2,108898.33
BTC-25JUL25-107000-P,5e-05,10.5,108898.54
BTC-25JUL25-108000-C,5e-05,2585.9,108898.48
BTC-25JUL25-108000-P,5e-05,1998.5,108898.48
BTC-25JUL25-109000-C,5e-05,128.7,108898.48
BTC-25JUL25-109000-P,5e-05,69.5,108898.5
BTC-25JUL25-110000-C,5e-05,4531.3,108898.44
BTC-25JUL25-110000-P,5e-05,1234.1,108898.44
BTC-25JUL25-111000-C,5e-05,70.2,108897.98
BTC-25JUL25-111000-P,5e-05,1.5,108898.1
BTC-25JUL25-112000-C,5e-05,2608.5,108898.1
BTC-25JUL25-112000-P,5e-05,495.7,108898.1
BTC-25JUL25-113000-C,5e-05,200.5,108898.1
BTC-25JUL25-113000-P,5e-05,0.0,108897.65
BTC-25JUL25-114000-C,4e-05,1929.9,108897.65
BTC-25JUL25-114000-P,4e-05,59.2,108897.25
BTC-25JUL25-115000-C,4e-05,6317.7,108896.33
BTC-25JUL25-115000-P,4e-05,97.5,108895.97
BTC-25JUL25-116000-C,4e-05,1432.3,108895.97
BTC-25JUL25-116000-P,4e-05,34.3,108895.81
BTC-25JUL25-117000-C,3e-05,24.1,108895.79
BTC-25JUL25-117000-P,3e-05,0.0,108895.78
BTC-25JUL25-118000-C,3e-05,1030.2,108895.78
BTC-25JUL25-118000-P,3e-05,29.7,108895.7
BTC-25JUL25-120000-C,2e-05,6792.7,108895.96
BTC-25JUL25-120000-P,2e-05,8.2,108895.96
BTC-25JUL25-122000-C,2e-05,3848.5,108895.96
BTC-25JUL25-122000-P,2e-05,9.5,108895.96
BTC-25JUL25-124000-C,1e-05,165.8,108895.96
BTC-25JUL25-124000-P,1e-05,0.0,108895.96
BTC-25JUL25-125000-C,1e-05,1751.2,108895.96
BTC-25JUL25-125000-P,1e-05,2.6,108895.75
BTC-25JUL25-126000-C,1e-05,841.0,108895.7
BTC-25JUL25-126000-P,1e-05,0.0,108895.7
BTC-25JUL25-130000-C,1e-05,3124.2,108895.48
BTC-25JUL25-130000-P,1e-05,1.9,108895.48
BTC-25JUL25-135000-C,0.0,2666.9,108895.74
BTC-25JUL25-135000-P,0.0,0.3,108895.74
BTC-25JUL25-140000-C,0.0,2665.2,108896.09
BTC-25JUL25-140000-P,0.0,139.5,108896.09
BTC-25JUL25-150000-C,0.0,2176.6,108896.25
BTC-25JUL25-150000-P,0.0,0.0,108896.25
BTC-25JUL25-160000-C,0.0,319.7,108896.35
BTC-25JUL25-160000-P,0.0,0.0,108896.81
BTC-25JUL25-170000-C,0.0,224.5,108898.17
BTC-25JUL25-170000-P,0.0,0.0,108898.17
BTC-25JUL25-180000-C,0.0,266.8,108899.85
BTC-25JUL25-180000-P,0.0,0.0,108900.59
BTC-25JUL25-200000-C,0.0,415.6,108900.58
BTC-25JUL25-200000-P,0.0,0.0,108900.58
BTC-29AUG25-40000-C,0.0,0.0,108900.57
BTC-29AUG25-40000-P,0.0,139.7,108900.57
BTC-29AUG25-50000-C,0.0,31.2,108900.81
BTC-29AUG25-50000-P,0.0,53.1,108900.7
BTC-29AUG25-60000-C,0.0,39.9,108900.7
BTC-29AUG25-60000-P,0.0,561.3,108900.7
BTC-29AUG25-70000-C,0.0,21.4,108900.7
BTC-29AUG25-70000-P,0.0,240.8,108900.71
BTC-29AUG25-80000-C,0.0,56.7,108900.7
BTC-29AUG25-80000-P,0.0,1637.3,108900.7
BTC-29AUG25-85000-C,1e-05,89.8,108900.61
BTC-29AUG25-85000-P,1e-05,1365.1,108900.57
BTC-29AUG25-90000-C,1e-05,14.5,108900.66
BTC-29AUG25-90000-P,1e-05,947.8,108900.66
BTC-29AUG25-92000-C,1e-05,7.2,108900.66
BTC-29AUG25-92000-P,1e-05,306.3,108900.66
BTC-29AUG25-94000-C,1e-05,23.0,108900.66
BTC-29AUG25-94000-P,1e-05,349.7,108900.7
BTC-29AUG25-95000-C,1e-05,2.0,108900.7
BTC-29AUG25-95000-P,1e-05,524.1,108900.6
BTC-29AUG25-96000-C,2e-05,1.9,108900.33
BTC-29AUG25-96000-P,2e-05,388.3,108900.33
BTC-29AUG25-98000-C,2e-05,4.0,108900.32
BTC-29AUG25-98000-P,2e-05,386.1,108900.33
BTC-29AUG25-100000-C,2e-05,253.3,108900.33
BTC-29AUG25-100000-P,2e-05,939.7,108900.33
BTC-29AUG25-102000-C,2e-05,259.5,108900.33
BTC-29AUG25-102000-P,2e-05,384.8,108900.33
BTC-29AUG25-104000-C,2e-05,379.9,108900.43
BTC-29AUG25-104000-P,2e-05,445.9,108900.43
BTC-29AUG25-106000-C,2e-05,511.5,108900.4
BTC-29AUG25-106000-P,2e-05,834.9,108900.43
BTC-29AUG25-108000-C,3e-05,443.5,108900.43
BTC-29AUG25-108000-P,3e-05,580.0,108900.43
BTC-29AUG25-110000-C,3e-05,1049.4,108900.43
BTC-29AUG25-110000-P,3e-05,509.2,108900.43
BTC-29AUG25-112000-C,3e-05,820.0,108900.43
BTC-29AUG25-112000-P,3e-05,79.5,108900.43
BTC-29AUG25-114000-C,2e-05,291.9,108900.43
BTC-29AUG25-114000-P,2e-05,31.1,108900.43
BTC-29AUG25-115000-C,2e-05,479.8,108900.7
BTC-29AUG25-115000-P,2e-05,22.5,108900.7
BTC-29AUG25-116000-C,2e-05,349.9,108900.99
BTC-29AUG25-116000-P,2e-05,3.8,108901.44
BTC-29AUG25-118000-C,2e-05,401.5,108900.99
BTC-29AUG25-118000-P,2e-05,1.3,108900.99
BTC-29AUG25-120000-C,2e-05,3512.4,108900.99
BTC-29AUG25-120000-P,2e-05,0.8,108900.99
BTC-29AUG25-122000-C,2e-05,786.0,108900.97
BTC-29AUG25-122000-P,2e-05,0.0,108900.97
BTC-29AUG25-124000-C,2e-05,171.5,108900.91
BTC-29AUG25-124000-P,2e-05,0.1,108901.87
BTC-29AUG25-125000-C,2e-05,394.6,108901.65
BTC-29AUG25-125000-P,2e-05,0.0,108901.65
BTC-29AUG25-126000-C,2e-05,372.8,108900.6
BTC-29AUG25-126000-P,2e-05,0.0,108900.6
BTC-29AUG25-130000-C,1e-05,1464.9,108900.65
BTC-29AUG25-130000-P,1e-05,7.6,108900.65
BTC-29AUG25-135000-C,1e-05,908.4,108900.65
BTC-29AUG25-135000-P,1e-05,0.0,108900.65
BTC-29AUG25-140000-C,1e-05,977.9,108900.65
BTC-29AUG25-140000-P,1e-05,0.0,108900.65
BTC-29AUG25-145000-C,1e-05,508.7,108900.86
BTC-29AUG25-145000-P,1e-05,0.0,108902.44
BTC-29AUG25-150000-C,0.0,1582.0,108908.15
BTC-29AUG25-150000-P,0.0,0.0,108907.9
BTC-29AUG25-160000-C,0.0,197.3,108907.9
BTC-29AUG25-160000-P,0.0,0.0,108906.29
BTC-29AUG25-170000-C,0.0,165.7,108906.16
BTC-29AUG25-170000-P,0.0,0.0,108906.16
BTC-29AUG25-180000-C,0.0,118.2,108906.16
BTC-29AUG25-180000-P,0.0,0.0,108906.16
BTC-29AUG25-190000-C,0.0,185.3,108906.16
BTC-29AUG25-190000-P,0.0,0.0,108906.16
BTC-26SEP25-20000-C,0.0,36.0,108906.16
BTC-26SEP25-20000-P,0.0,391.5,108906.16
BTC-26SEP25-30000-C,0.0,21.9,108906.16
BTC-26SEP25-30000-P,0.0,562.0,108906.16
BTC-26SEP25-40000-C,0.0,10.6,108906.16
BTC-26SEP25-40000-P,0.0,505.7,108906.16
BTC-26SEP25-50000-C,0.0,84.6,108907.18
BTC-26SEP25-50000-P,0.0,575.9,108910.33
BTC-26SEP25-55000-C,0.0,23.6,108910.33
BTC-26SEP25-55000-P,0.0,443.8,108913.67
BTC-26SEP25-60000-C,0.0,60.2,108913.67
BTC-26SEP25-60000-P,0.0,1885.1,108913.67
BTC-26SEP25-65000-C,0.0,38.7,108913.67
BTC-26SEP25-65000-P,0.0,462.5,108913.69
BTC-26SEP25-70000-C,0.0,504.4,108913.69
BTC-26SEP25-70000-P,0.0,849.9,108913.69
BTC-26SEP25-75000-C,0.0,321.7,108913.69
BTC-26SEP25-75000-P,0.0,1499.3,108913.69
BTC-26SEP25-80000-C,0.0,1205.9,108914.11
BTC-26SEP25-80000-P,0.0,3043.2,108914.49
BTC-26SEP25-85000-C,1e-05,554.2,108914.49
BTC-26SEP25-85000-P,1e-05,1241.7,108914.35
BTC-26SEP25-90000-C,1e-05,1299.9,108914.35
BTC-26SEP25-90000-P,1e-05,1175.4,108914.35
BTC-26SEP25-95000-C,1e-05,1052.2,108914.35
BTC-26SEP25-95000-P,1e-05,2667.6,108914.35
BTC-26SEP25-100000-C,2e-05,2607.4,108914.36
BTC-26SEP25-100000-P,2e-05,1555.6,108914.36
BTC-26SEP25-105000-C,2e-05,1071.9,108914.36
BTC-26SEP25-105000-P,2e-05,1306.5,108914.36
BTC-26SEP25-110000-C,2e-05,2661.9,108913.54
BTC-26SEP25-110000-P,2e-05,914.7,108913.04
BTC-26SEP25-115000-C,2e-05,5276.9,108913.36
BTC-26SEP25-115000-P,2e-05,163.5,108913.36
BTC-26SEP25-120000-C,2e-05,3042.2,108928.5
BTC-26SEP25-120000-P,2e-05,176.0,108936.51
BTC-26SEP25-125000-C,2e-05,1898.0,108936.51
BTC-26SEP25-125000-P,2e-05,28.9,108937.41
BTC-26SEP25-130000-C,1e-05,4413.8,108937.8
BTC-26SEP25-130000-P,1e-05,44.5,108937.8
BTC-26SEP25-140000-C,1e-05,7814.4,108937.8
BTC-26SEP25-140000-P,1e-05,14.3,108937.21
BTC-26SEP25-150000-C,1e-05,2260.2,108937.21
BTC-26SEP25-150000-P,1e-05,11.4,108937.21
BTC-26SEP25-160000-C,0.0,1137.1,108936.41
BTC-26SEP25-160000-P,0.0,8.7,108936.41
BTC-26SEP25-170000-C,0.0,335.9,108936.51
BTC-26SEP25-170000-P,0.0,2.2,108936.51
BTC-26SEP25-180000-C,0.0,1684.8,108936.51
BTC-26SEP25-180000-P,0.0,8.1,108936.51
BTC-26SEP25-190000-C,0.0,761.7,108936.51
BTC-26SEP25-190000-P,0.0,0.7,108936.51
BTC-26SEP25-200000-C,0.0,3584.4,108936.51
BTC-26SEP25-200000-P,0.0,4.5,108936.51
BTC-26SEP25-210000-C,0.0,732.5,108936.51
BTC-26SEP25-210000-P,0.0,0.0,108936.51
BTC-26SEP25-220000-C,0.0,593.6,108934.07
BTC-26SEP25-220000-P,0.0,1.4,108931.75
BTC-26SEP25-240000-C,0.0,885.7,108931.57
BTC-26SEP25-240000-P,0.0,0.0,108931.57
BTC-26SEP25-260000-C,0.0,623.5,108931.36
BTC-26SEP25-260000-P,0.0,2.5,108931.11
BTC-26SEP25-280000-C,0.0,1194.9,108930.98
BTC-26SEP25-280000-P,0.0,0.0,108930.98
BTC-26SEP25-300000-C,0.0,1889.9,108930.76
BTC-26SEP25-300000-P,0.0,0.4,108930.76
BTC-26SEP25-400000-C,0.0,319.6,108930.76
BTC-26SEP25-400000-P,0.0,0.0,108930.76
BTC-26DEC25-20000-C,0.0,28.6,108930.76
BTC-26DEC25-20000-P,0.0,445.6,108930.76
BTC-26DEC25-30000-C,0.0,32.3,108930.76
BTC-26DEC25-30000-P,0.0,143.3,108930.76
BTC-26DEC25-40000-C,0.0,12.9,108930.25
BTC-26DEC25-40000-P,0.0,285.0,108930.27
BTC-26DEC25-50000-C,0.0,27.2,108930.27
BTC-26DEC25-50000-P,0.0,898.4,108930.27
BTC-26DEC25-60000-C,0.0,4.7,108930.27
BTC-26DEC25-60000-P,0.0,611.5,108930.52
BTC-26DEC25-65000-C,0.0,1.0,108931.11
BTC-26DEC25-65000-P,0.0,1892.9,108931.11
BTC-26DEC25-70000-C,0.0,13.5,108930.77
BTC-26DEC25-70000-P,0.0,1044.2,108930.64
BTC-26DEC25-75000-C,0.0,20.6,108931.93
BTC-26DEC25-75000-P,0.0,821.7,108931.93
BTC-26DEC25-80000-C,1e-05,252.8,108933.41
BTC-26DEC25-80000-P,1e-05,1476.6,108935.03
BTC-26DEC25-85000-C,1e-05,148.5,108935.03
BTC-26DEC25-85000-P,1e-05,1155.6,108935.03
BTC-26DEC25-90000-C,1e-05,1097.7,108935.86
BTC-26DEC25-90000-P,1e-05,1531.0,108936.56
BTC-26DEC25-95000-C,1e-05,866.8,108936.44
BTC-26DEC25-95000-P,1e-05,1032.3,108936.44
BTC-26DEC25-100000-C,1e-05,1457.7,108936.56
BTC-26DEC25-100000-P,1e-05,606.0,108936.52
BTC-26DEC25-105000-C,1e-05,1147.8,108936.62
BTC-26DEC25-105000-P,1e-05,732.3,108936.62
BTC-26DEC25-110000-C,1e-05,1383.8,108936.62
BTC-26DEC25-110000-P,1e-05,538.0,108936.81
BTC-26DEC25-115000-C,1e-05,656.4,108936.81
BTC-26DEC25-115000-P,1e-05,108.5,108937.27
BTC-26DEC25-120000-C,1e-05,1759.9,108938.73
BTC-26DEC25-120000-P,1e-05,153.2,108938.61
BTC-26DEC25-125000-C,1e-05,1506.4,108938.61
BTC-26DEC25-125000-P,1e-05,3.3,108937.92
BTC-26DEC25-130000-C,1e-05,2325.8,108939.93
BTC-26DEC25-130000-P,1e-05,47.0,108940.46
BTC-26DEC25-140000-C,1e-05,2525.6,108940.46
BTC-26DEC25-140000-P,1e-05,107.0,108940.6
BTC-26DEC25-150000-C,1e-05,3195.6,108941.04
BTC-26DEC25-150000-P,1e-05,4.4,108945.58
BTC-26DEC25-160000-C,1e-05,1347.6,108945.58
BTC-26DEC25-160000-P,1e-05,101.0,108948.1
BTC-26DEC25-170000-C,1e-05,3516.8,108948.1
BTC-26DEC25-170000-P,1e-05,0.1,108955.96
BTC-26DEC25-180000-C,0.0,1715.6,108955.96
BTC-26DEC25-180000-P,0.0,0.0,108960.33
BTC-26DEC25-190000-C,0.0,733.6,108965.56
BTC-26DEC25-190000-P,0.0,0.0,108965.56
BTC-26DEC25-200000-C,0.0,1371.2,108966.67
BTC-26DEC25-200000-P,0.0,10.2,108966.67
BTC-26DEC25-210000-C,0.0,207.1,108966.67
BTC-26DEC25-210000-P,0.0,0.0,108966.67
BTC-26DEC25-220000-C,0.0,200.5,108965.88
BTC-26DEC25-220000-P,0.0,0.0,108966.46
BTC-26DEC25-230000-C,0.0,198.8,108966.32
BTC-26DEC25-230000-P,0.0,0.0,108966.32
BTC-26DEC25-240000-C,0.0,216.4,108966.32
BTC-26DEC25-240000-P,0.0,0.1,108966.32
BTC-26DEC25-260000-C,0.0,197.2,108966.32
BTC-26DEC25-260000-P,0.0,0.0,108966.32
BTC-26DEC25-280000-C,0.0,136.7,108965.54
BTC-26DEC25-280000-P,0.0,0.0,108965.54
BTC-26DEC25-300000-C,0.0,273.6,108966.63
BTC-26DEC25-300000-P,0.0,0.1,108967.52
BTC-26DEC25-320000-C,0.0,151.4,108972.05
BTC-26DEC25-320000-P,0.0,0.0,108972.05
BTC-26DEC25-340000-C,0.0,192.5,108973.31
BTC-26DEC25-340000-P,0.0,0.0,108971.95
BTC-26DEC25-400000-C,0.0,576.5,108971.97
BTC-26DEC25-400000-P,0.0,0.0,108971.97
BTC-27MAR26-20000-C,0.0,6.6,108972.01
BTC-27MAR26-20000-P,0.0,178.2,108972.01
BTC-27MAR26-30000-C,0.0,30.2,108972.42
BTC-27MAR26-30000-P,0.0,138.8,108972.25
BTC-27MAR26-40000-C,0.0,0.0,108972.25
BTC-27MAR26-40000-P,0.0,235.2,108972.11
BTC-27MAR26-50000-C,0.0,17.0,108969.69
BTC-27MAR26-50000-P,0.0,268.1,108970.13
BTC-27MAR26-60000-C,0.0,27.3,108970.13
BTC-27MAR26-60000-P,0.0,218.5,108970.88
BTC-27MAR26-65000-C,0.0,2.0,108973.6
BTC-27MAR26-65000-P,0.0,93.1,108973.3
BTC-27MAR26-70000-C,0.0,3.7,108973.3
BTC-27MAR26-70000-P,0.0,279.0,108973.3
BTC-27MAR26-75000-C,0.0,8.2,108973.14
BTC-27MAR26-75000-P,0.0,159.9,108973.14
BTC-27MAR26-80000-C,0.0,13.4,108971.62
BTC-27MAR26-80000-P,0.0,620.9,108969.72
BTC-27MAR26-85000-C,1e-05,69.0,108969.91
BTC-27MAR26-85000-P,1e-05,286.7,108969.91
BTC-27MAR26-90000-C,1e-05,184.5,108969.96
BTC-27MAR26-90000-P,1e-05,312.4,108970.15
BTC-27MAR26-95000-C,1e-05,227.2,108970.52
BTC-27MAR26-95000-P,1e-05,480.4,108970.52
BTC-27MAR26-100000-C,1e-05,1083.4,108971.61
BTC-27MAR26-100000-P,1e-05,164.1,108971.61
BTC-27MAR26-105000-C,1e-05,530.9,108971.61
BTC-27MAR26-105000-P,1e-05,103.6,108971.69
BTC-27MAR26-110000-C,1e-05,217.4,108970.87
BTC-27MAR26-110000-P,1e-05,171.7,108970.98
BTC-27MAR26-115000-C,1e-05,695.6,108970.98
BTC-27MAR26-115000-P,1e-05,33.0,108971.23
BTC-27MAR26-120000-C,1e-05,138.9,108971.23
BTC-27MAR26-120000-P,1e-05,45.8,108971.31
BTC-27MAR26-125000-C,1e-05,95.0,108971.31
BTC-27MAR26-125000-P,1e-05,2.8,108969.66
BTC-27MAR26-130000-C,1e-05,92.8,108968.38
BTC-27MAR26-130000-P,1e-05,7.0,108968.38
BTC-27MAR26-135000-C,1e-05,87.4,108967.68
BTC-27MAR26-135000-P,1e-05,0.3,108967.55
BTC-27MAR26-140000-C,1e-05,600.3,108967.64
BTC-27MAR26-140000-P,1e-05,1.3,108967.64
BTC-27MAR26-150000-C,1e-05,485.3,108967.62
BTC-27MAR26-150000-P,1e-05,11.5,108967.71
BTC-27MAR26-160000-C,1e-05,331.9,108967.45
BTC-27MAR26-160000-P,1e-05,0.1,108967.45
BTC-27MAR26-170000-C,1e-05,77.3,108967.64
BTC-27MAR26-170000-P,1e-05,2.0,108967.69
BTC-27MAR26-180000-C,1e-05,106.5,108967.65
BTC-27MAR26-180000-P,1e-05,0.0,108967.65
BTC-27MAR26-190000-C,0.0,576.2,108967.65
BTC-27MAR26-190000-P,0.0,0.0,108967.81
BTC-27MAR26-200000-C,0.0,236.5,108967.81
BTC-27MAR26-200000-P,0.0,0.0,108967.81
BTC-27MAR26-210000-C,0.0,132.5,108967.81
BTC-27MAR26-210000-P,0.0,0.0,108967.77
BTC-27MAR26-220000-C,0.0,165.9,108967.77
BTC-27MAR26-220000-P,0.0,0.0,108967.77
BTC-27MAR26-230000-C,0.0,122.8,108967.59
BTC-27MAR26-230000-P,0.0,0.0,108967.59
BTC-27MAR26-240000-C,0.0,141.7,108967.59
BTC-27MAR26-240000-P,0.0,0.0,108967.59
BTC-27MAR26-260000-C,0.0,86.3,108967.59
BTC-27MAR26-260000-P,0.0,0.0,108967.63
BTC-27MAR26-280000-C,0.0,141.4,108967.63
BTC-27MAR26-280000-P,0.0,0.0,108967.59
BTC-27MAR26-300000-C,0.0,139.5,108967.59
BTC-27MAR26-300000-P,0.0,0.0,108967.59
BTC-27MAR26-320000-C,0.0,97.6,108967.59
BTC-27MAR26-320000-P,0.0,0.0,108967.46
BTC-27MAR26-340000-C,0.0,109.7,108967.55
BTC-27MAR26-340000-P,0.0,0.0,108967.55
BTC-26JUN26-20000-C,0.0,0.0,108967.55
BTC-26JUN26-20000-P,0.0,46.9,108967.55
BTC-26JUN26-30000-C,0.0,0.0,108967.55
BTC-26JUN26-30000-P,0.0,35.9,108967.94
BTC-26JUN26-40000-C,0.0,0.0,108967.94
BTC-26JUN26-40000-P,0.0,56.8,108968.59
BTC-26JUN26-50000-C,0.0,0.0,108970.83
BTC-26JUN26-50000-P,0.0,33.2,108970.71
BTC-26JUN26-60000-C,0.0,0.0,108970.71
BTC-26JUN26-60000-P,0.0,24.3,108970.71
BTC-26JUN26-70000-C,0.0,0.6,108973.99
BTC-26JUN26-70000-P,0.0,59.5,108974.0
BTC-26JUN26-80000-C,0.0,2.5,108974.0
BTC-26JUN26-80000-P,0.0,64.2,108973.13
BTC-26JUN26-85000-C,0.0,0.0,108973.13
BTC-26JUN26-85000-P,0.0,14.2,108973.13
BTC-26JUN26-90000-C,1e-05,1.2,108973.2
BTC-26JUN26-90000-P,1e-05,37.4,108972.56
BTC-26JUN26-95000-C,1e-05,12.3,108972.35
BTC-26JUN26-95000-P,1e-05,23.9,108972.35
BTC-26JUN26-100000-C,1e-05,1.2,108972.35
BTC-26JUN26-100000-P,1e-05,13.9,108972.44
BTC-26JUN26-105000-C,1e-05,8.8,108972.44
BTC-26JUN26-105000-P,1e-05,12.3,108972.44
BTC-26JUN26-110000-C,1e-05,6.0,108972.43
BTC-26JUN26-110000-P,1e-05,0.9,108972.95
BTC-26JUN26-115000-C,1e-05,24.3,108972.95
BTC-26JUN26-115000-P,1e-05,46.0,108972.96
BTC-26JUN26-120000-C,1e-05,673.6,108971.65
BTC-26JUN26-120000-P,1e-05,0.0,108974.01
BTC-26JUN26-125000-C,1e-05,18.5,108974.01
BTC-26JUN26-125000-P,1e-05,0.0,108974.92
BTC-26JUN26-130000-C,1e-05,13.7,108974.9
BTC-26JUN26-130000-P,1e-05,0.1,108974.92
BTC-26JUN26-135000-C,1e-05,0.0,108974.92
BTC-26JUN26-135000-P,1e-05,0.0,108974.93
BTC-26JUN26-140000-C,1e-05,10.1,108974.95
BTC-26JUN26-140000-P,1e-05,0.0,108975.1
BTC-26JUN26-150000-C,1e-05,19.2,108975.1
BTC-26JUN26-150000-P,1e-05,0.0,108974.98
BTC-26JUN26-160000-C,1e-05,15.9,108974.53
BTC-26JUN26-160000-P,1e-05,0.0,108979.3
BTC-26JUN26-170000-C,1e-05,17.6,108979.3
BTC-26JUN26-170000-P,1e-05,0.0,108978.93
BTC-26JUN26-180000-C,1e-05,21.4,108978.8
BTC-26JUN26-180000-P,1e-05,0.0,108978.8
BTC-26JUN26-190000-C,1e-05,10.6,108978.27
BTC-26JUN26-190000-P,1e-05,0.0,108977.21
BTC-26JUN26-200000-C,0.0,64.6,108977.26
BTC-26JUN26-200000-P,0.0,0.0,108977.26
BTC-26JUN26-210000-C,0.0,5.2,108978.13
BTC-26JUN26-210000-P,0.0,0.0,108978.52
BTC-26JUN26-220000-C,0.0,34.7,108978.09
BTC-26JUN26-220000-P,0.0,0.0,108978.09
BTC-26JUN26-230000-C,0.0,39.9,108978.19
BTC-26JUN26-230000-P,0.0,0.0,108978.19
BTC-26JUN26-240000-C,0.0,62.3,108978.19
BTC-26JUN26-240000-P,0.0,0.0,108978.19
BTC-26JUN26-260000-C,0.0,26.5,108978.18
BTC-26JUN26-260000-P,0.0,0.0,108978.18
BTC-26JUN26-280000-C,0.0,35.4,108979.04
BTC-26JUN26-280000-P,0.0,0.0,108979.04
BTC-26JUN26-300000-C,0.0,128.8,108979.04
BTC-26JUN26-300000-P,0.0,0.0,108979.04
BTC-26JUN26-320000-C,0.0,45.2,108978.81
BTC-26JUN26-320000-P,0.0,0.0,108978.81
BTC-26JUN26-340000-C,0.0,33.2,108978.88
BTC-26JUN26-340000-P,0.0,0.0,108978.58
